question,answer
What is often responsible for high nitrate levels in rural water sources?,Agricultural Runoff
Which contaminant is most likely if water has a strong chlorine smell?,Chemical Spillage
What type of contamination is associated with algal blooms in lakes?,Agricultural Runoff
Which category of contamination includes arsenic in groundwater?,Natural Contaminants
What is the primary concern when oil refineries are located near water sources?,Industrial Waste
Which contaminant is most likely if water has a metallic taste?,Heavy Metals
What type of contamination is associated with E. coli in drinking water?,Microbial Contamination
Which contamination source is linked to high levels of phosphates in water?,Agricultural Runoff
What is the likely cause of contamination if water has a soapy appearance?,Sewage Leakage
Which type of contamination is associated with mercury in fish-inhabited waters?,Industrial Waste
What is the primary concern when fracking operations are near water sources?,Chemical Spillage
Which contaminant is most likely if water has a rotten egg smell?,Natural Contaminants
What type of contamination is linked to high levels of copper in tap water?,Heavy Metals
Which category of contamination includes Giardia in mountain streams?,Microbial Contamination
What is often responsible for elevated salinity in coastal aquifers?,Natural Contaminants
Which contamination source is associated with endocrine disruptors in water?,Industrial Waste
What type of contamination is linked to high levels of atrazine in water?,Agricultural Runoff
Which contaminant is most likely if water has a blue-green tint?,Chemical Spillage
What is the primary concern when tanneries are located near water sources?,Industrial Waste
Which type of contamination is associated with cryptosporidium outbreaks?,Microbial Contamination
What is often responsible for high levels of antibiotics in water?,Agricultural Runoff
Which contaminant is most likely if water has a gasoline odor?,Chemical Spillage
What type of contamination is linked to high levels of cadmium in water?,Heavy Metals
Which category of contamination includes radon in well water?,Natural Contaminants
What is the primary concern when landfills are located near water sources?,Chemical Spillage
Which contamination source is associated with high levels of PCBs in water?,Industrial Waste
What type of contamination is linked to the presence of coliform bacteria?,Sewage Leakage
Which contaminant is most likely if water leaves rust-colored stains?,Heavy Metals
What is often responsible for excessive fluoride in groundwater?,Natural Contaminants
Which type of contamination is associated with high levels of zinc in water?,Industrial Waste
What is the primary concern when septic systems fail near water sources?,Sewage Leakage
Which contaminant is most likely if water has a strong chemical odor?,Industrial Waste
What type of contamination is linked to the presence of Legionella bacteria?,Microbial Contamination
Which category of contamination includes high levels of uranium in water?,Natural Contaminants
What is often responsible for pesticide residues in drinking water?,Agricultural Runoff
Which contamination source is associated with high levels of dioxins in water?,Industrial Waste
What type of contamination is linked to the presence of pharmaceuticals in water?,Sewage Leakage
Which contaminant is most likely if water has a sweet taste?,Chemical Spillage
What is the primary concern when mining operations are near water sources?,Heavy Metals
Which type of contamination is associated with high levels of nitrites in water?,Agricultural Runoff
What is often responsible for the presence of microplastics in water?,Industrial Waste
Which contaminant is most likely if water has a film on its surface?,Chemical Spillage
What type of contamination is linked to high levels of manganese in water?,Natural Contaminants
Which category of contamination includes Salmonella in water sources?,Microbial Contamination
What is the primary concern when nuclear power plants are near water sources?,Chemical Spillage
Which contamination source is associated with high levels of sulfates in water?,Industrial Waste
What type of contamination is linked to the presence of hormones in water?,Agricultural Runoff
Which contaminant is most likely if water has a bitter taste?,Heavy Metals
What is often responsible for high levels of chlorine byproducts in water?,Chemical Spillage
Which type of contamination is associated with arsenic in rice paddy water?,Agricultural Runoff
What type of contamination is associated with high levels of chromium in water near tanneries?,Industrial Waste
Which contaminant is most likely if water has a high concentration of fecal indicator bacteria?,Sewage Leakage
What is often responsible for elevated levels of perchlorate in groundwater?,Chemical Spillage
Which category of contamination includes naturally occurring fluoride in aquifers?,Natural Contaminants
What type of contamination is linked to the presence of DDT residues in water?,Agricultural Runoff
Which contaminant is most likely if water contains high levels of trihalomethanes?,Chemical Spillage
What is the primary concern when paper mills are located near water sources?,Industrial Waste
Which type of contamination is associated with high levels of nitrates in well water?,Agricultural Runoff
What is often responsible for the presence of PFAS in drinking water?,Industrial Waste
Which contaminant is most likely if water has elevated levels of lead and copper?,Heavy Metals
What type of contamination is linked to the presence of Vibrio cholerae in water?,Microbial Contamination
Which category of contamination includes radon gas in well water?,Natural Contaminants
What is the primary concern when battery manufacturing plants are near water sources?,Heavy Metals
Which contamination source is associated with high levels of glyphosate in water?,Agricultural Runoff
What type of contamination is linked to the presence of benzene in groundwater?,Chemical Spillage
Which contaminant is most likely if water has a high concentration of poliovirus?,Sewage Leakage
What is often responsible for elevated levels of selenium in agricultural areas?,Agricultural Runoff
Which type of contamination is associated with high levels of barium in water?,Natural Contaminants
What is the primary concern when textile dyeing facilities are near water sources?,Industrial Waste
Which contaminant is most likely if water contains high levels of methemoglobin-forming compounds?,Agricultural Runoff
What type of contamination is linked to the presence of perfluorooctanoic acid (PFOA) in water?,Industrial Waste
Which category of contamination includes arsenic from volcanic rocks in aquifers?,Natural Contaminants
What is often responsible for the presence of microbeads in water bodies?,Industrial Waste
Which contamination source is associated with high levels of phosphorus in lakes?,Agricultural Runoff
What type of contamination is linked to the presence of tetrachloroethylene in groundwater?,Industrial Waste
Which contaminant is most likely if water has a high concentration of Cryptosporidium oocysts?,Microbial Contamination
What is the primary concern when electronics recycling facilities are near water sources?,Heavy Metals
Which type of contamination is associated with high levels of atrazine in rural water supplies?,Agricultural Runoff
What is often responsible for elevated levels of bromide in coastal aquifers?,Natural Contaminants
Which contaminant is most likely if water contains high levels of polychlorinated biphenyls (PCBs)?,Industrial Waste
What type of contamination is linked to the presence of Campylobacter in untreated water?,Microbial Contamination
Which category of contamination includes naturally occurring radium in deep aquifers?,Natural Contaminants
What is the primary concern when pharmaceutical manufacturing plants are near water sources?,Chemical Spillage
Which contamination source is associated with high levels of sulfates in mining areas?,Industrial Waste
What type of contamination is linked to the presence of perfluorooctanesulfonic acid (PFOS) in water?,Industrial Waste
Which contaminant is most likely if water has a high concentration of norovirus?,Sewage Leakage
What is often responsible for elevated levels of nitrites in urban water supplies?,Sewage Leakage
Which type of contamination is associated with high levels of boron in geothermal areas?,Natural Contaminants
What is the primary concern when leather tanning facilities are near water sources?,Industrial Waste
Which contaminant is most likely if water contains high levels of methyl tertiary-butyl ether (MTBE)?,Chemical Spillage
What type of contamination is linked to the presence of Hepatitis A virus in water?,Microbial Contamination
Which category of contamination includes naturally occurring iron bacteria in well water?,Natural Contaminants
What is often responsible for the presence of microfibers in water bodies?,Industrial Waste
Which contamination source is associated with high levels of copper in household plumbing?,Heavy Metals
What type of contamination is linked to the presence of per- and polyfluoroalkyl substances (PFAS) in firefighting foam?,Chemical Spillage
Which contaminant is most likely if water has a high concentration of Giardia cysts?,Microbial Contamination
What is the primary concern when gold mining operations are near water sources?,Heavy Metals
Which type of contamination is associated with high levels of dichlorodiphenyltrichloroethane (DDT) in legacy agricultural areas?,Agricultural Runoff
What is often responsible for elevated levels of arsenic in areas with volcanic bedrock?,Natural Contaminants
Which contaminant is most likely if water contains high levels of trichloroethylene (TCE)?,Industrial Waste
What type of contamination is linked to the presence of Legionella pneumophila in cooling towers?,Microbial Contamination
Which category of contamination includes naturally occurring manganese in anaerobic aquifers?,Natural Contaminants
What is the primary concern when petrochemical plants are near water sources?,Chemical Spillage
Which contamination source is associated with high levels of antibiotics in livestock areas?,Agricultural Runoff
What type of contamination is linked to the presence of perchlorate in rocket fuel manufacturing areas?,Industrial Waste
Which contaminant is most likely if water has a high concentration of rotavirus?,Sewage Leakage
What is often responsible for elevated levels of nitrates in areas with intensive agriculture?,Agricultural Runoff
Which type of contamination is associated with high levels of strontium in carbonate aquifers?,Natural Contaminants
What is the primary concern when semiconductor manufacturing facilities are near water sources?,Industrial Waste
Which contaminant is most likely if water contains high levels of vinyl chloride?,Chemical Spillage
What type of contamination is associated with high levels of perfluorobutane sulfonic acid (PFBS) in water?,Industrial Waste
Which contaminant is most likely if water has a high concentration of Shigella bacteria?,Sewage Leakage
What is often responsible for elevated levels of selenium in areas with coal mining?,Industrial Waste
Which category of contamination includes naturally occurring uranium in granite bedrock aquifers?,Natural Contaminants
What type of contamination is linked to the presence of neonicotinoid pesticides in surface water?,Agricultural Runoff
Which contaminant is most likely if water contains high levels of phthalates?,Industrial Waste
What is the primary concern when textile printing facilities are near water sources?,Chemical Spillage
Which type of contamination is associated with high levels of nitrosamines in water?,Industrial Waste
What is often responsible for the presence of microplastics in urban water supplies?,Sewage Leakage
Which contamination source is associated with high levels of brominated flame retardants in water?,Industrial Waste
What type of contamination is linked to the presence of Cyclospora cayetanensis in water?,Microbial Contamination
Which category of contamination includes naturally occurring methane in shale gas areas?,Natural Contaminants
What is the primary concern when metal plating facilities are near water sources?,Heavy Metals
Which type of contamination is associated with high levels of glyphosate in suburban areas?,Agricultural Runoff
What is often responsible for elevated levels of bromide in hydraulic fracturing areas?,Industrial Waste
Which contaminant is most likely if water has a high concentration of Clostridium perfringens?,Sewage Leakage
What type of contamination is linked to the presence of perchlorate in fireworks manufacturing areas?,Industrial Waste
Which category of contamination includes naturally occurring fluoride in rift valley areas?,Natural Contaminants
What is the primary concern when paint manufacturing plants are near water sources?,Chemical Spillage
Which contamination source is associated with high levels of estrogen compounds in water?,Sewage Leakage
What type of contamination is linked to the presence of polybrominated diphenyl ethers (PBDEs) in water?,Industrial Waste
Which contaminant is most likely if water contains high levels of cyanobacterial toxins?,Agricultural Runoff
What is often responsible for elevated levels of beryllium in industrial areas?,Industrial Waste
Which type of contamination is associated with high levels of chlorpyrifos in agricultural regions?,Agricultural Runoff
What is the primary concern when electronic waste recycling facilities are near water sources?,Heavy Metals
Which contamination source is associated with high levels of caffeine in urban water supplies?,Sewage Leakage
What type of contamination is linked to the presence of Mycobacterium avium complex in water systems?,Microbial Contamination
Which category of contamination includes naturally occurring lithium in geothermal spring areas?,Natural Contaminants
What is often responsible for the presence of microbeads in coastal waters?,Sewage Leakage
Which type of contamination is associated with high levels of perfluorohexane sulfonic acid (PFHxS) in water?,Industrial Waste
What is the primary concern when cement manufacturing plants are near water sources?,Industrial Waste
Which contaminant is most likely if water has a high concentration of Entamoeba histolytica?,Microbial Contamination
What type of contamination is linked to the presence of bisphenol A (BPA) in water?,Industrial Waste
Which category of contamination includes naturally occurring boron in volcanic aquifers?,Natural Contaminants
What is often responsible for elevated levels of perfluorononanoic acid (PFNA) in water?,Industrial Waste
Which contamination source is associated with high levels of triclosan in water?,Sewage Leakage
What type of contamination is linked to the presence of chlorate in water treated with chlorine dioxide?,Chemical Spillage
Which contaminant is most likely if water contains high levels of polycyclic aromatic hydrocarbons (PAHs)?,Industrial Waste
What is the primary concern when leather dyeing facilities are near water sources?,Chemical Spillage
Which type of contamination is associated with high levels of metolachlor in corn-growing regions?,Agricultural Runoff
What is often responsible for the presence of microfibers in freshwater lakes?,Sewage Leakage
Which contamination source is associated with high levels of hexavalent chromium in water?,Industrial Waste
What type of contamination is linked to the presence of Naegleria fowleri in warm freshwater?,Microbial Contamination
Which category of contamination includes naturally occurring molybdenum in certain soil types?,Natural Contaminants
What is the primary concern when aluminum smelting plants are near water sources?,Industrial Waste
Which type of contamination is associated with high levels of nonylphenol in water?,Industrial Waste
What is often responsible for elevated levels of iodine-131 in water near nuclear facilities?,Chemical Spillage
Which contaminant is most likely if water has a high concentration of Pseudomonas aeruginosa?,Microbial Contamination
What type of contamination is linked to the presence of perfluorodecanoic acid (PFDA) in water?,Industrial Waste
Which category of contamination includes naturally occurring vanadium in certain groundwater sources?,Natural Contaminants
